{
  "n_wild_types": 1000,
  "n_families": 100,
  "syn_sum_stats": {
    "mean": 0.0022031688160283995,
    "std": 0.00593226228176245,
    "median": 0.0017054693190214354,
    "t_stat": 11.744307985041333,
    "t_pvalue": 6.32703136601705e-30,
    "cohens_d": 0.3713876277523332,
    "bootstrap_ci_lower": 0.0018091092674643978,
    "bootstrap_ci_upper": 0.002590222627536643,
    "permutation_pvalue": 9.999000099990002e-05,
    "n_bootstrap": 10000,
    "n_permutations": 10000
  },
  "syn_mean_stats": {
    "mean": 0.0006247182238653716,
    "std": 0.0035075898727581142,
    "median": 0.00048394453754387523,
    "t_stat": 5.632164976220888,
    "t_pvalue": 2.3127360447901842e-08,
    "cohens_d": 0.17810469482686084,
    "bootstrap_ci_lower": 0.0003975410294849416,
    "bootstrap_ci_upper": 0.0008437189696803098
  },
  "syn_best_stats": {
    "mean": -0.001198428424072814,
    "std": 0.003870625632088511,
    "median": -0.0006770863118790715,
    "t_stat": -9.79108752171255,
    "t_pvalue": 1.1188341601870959e-21,
    "cohens_d": -0.30962137338664975,
    "bootstrap_ci_lower": -0.00144687413492417,
    "bootstrap_ci_upper": -0.0009578160079415316
  },
  "syn_vs_wt_stats": {
    "mean": -0.00016450707221614248,
    "std": 0.0030522810099329165,
    "median": -0.00018697433287639953,
    "t_stat": -1.7043549978389672,
    "t_pvalue": 0.08862573333557916,
    "cohens_d": -0.05389643734662492,
    "bootstrap_ci_lower": -0.00036008136813926126,
    "bootstrap_ci_upper": 2.8434497177253545e-05
  },
  "pairwise_synergy": {
    "syn_5c_5utr_x_cds": {
      "mean": 0.0017680640559311397,
      "std": 0.003787693939793842,
      "median": 0.0013239265717182036,
      "t_stat": 14.761249337168074,
      "t_pvalue": 9.391002962084965e-45,
      "cohens_d": 0.466791690151019,
      "bootstrap_ci_lower": 0.0015619075020397689,
      "bootstrap_ci_upper": 0.0019758379226239063
    },
    "syn_c3_cds_x_3utr": {
      "mean": 0.0022588317319084815,
      "std": 0.0057990682065421914,
      "median": 0.0018580388757559185,
      "t_stat": 12.317587704581987,
      "t_pvalue": 1.469783230102192e-32,
      "cohens_d": 0.38951632425364324,
      "bootstrap_ci_lower": 0.0018631933270526401,
      "bootstrap_ci_upper": 0.002658700209918028
    },
    "syn_53_5utr_x_3utr": {
      "mean": 1.614575441399735e-05,
      "std": 0.004211501673265222,
      "median": 3.675497141308881e-06,
      "t_stat": 0.12123314307118276,
      "t_pvalue": 0.9035307529110428,
      "cohens_d": 0.003833728600059982,
      "bootstrap_ci_lower": -0.00026898808448852984,
      "bootstrap_ci_upper": 0.00030466663442739044
    },
    "syn_5c3_triple": {
      "mean": -0.001839872726225219,
      "std": 0.006961770947999052,
      "median": -0.0015912479106007238,
      "t_stat": -8.357339624003808,
      "t_pvalue": 2.130432173303685e-16,
      "cohens_d": -0.26428228391427244,
      "bootstrap_ci_lower": -0.0023184084992922613,
      "bootstrap_ci_upper": -0.0013652518303237905
    }
  },
  "arm_improvement": {
    "single_5utr": {
      "mean": 0.00018845350334778182,
      "std": 0.0005281612069908335,
      "median": 4.434121029028848e-05
    },
    "single_cds": {
      "mean": -0.002416805534779097,
      "std": 0.0035677248081012196,
      "median": -0.0019135723530482873
    },
    "single_3utr": {
      "mean": -0.0001393238568132268,
      "std": 0.003454878623058834,
      "median": -6.574058224417811e-05
    },
    "pair_5_cds": {
      "mean": -0.0004602879755001756,
      "std": 0.0015852211101215223,
      "median": -0.00027974884175058223
    },
    "pair_c_3": {
      "mean": -0.0002972976596838422,
      "std": 0.003317488563821863,
      "median": -0.00021950909318924072
    },
    "pair_5_3": {
      "mean": 6.527540094855238e-05,
      "std": 0.0024796813789405596,
      "median": 3.525066356546702e-05
    },
    "joint": {
      "mean": -0.00016450707221614248,
      "std": 0.0030522810099329165,
      "median": -0.00018697433287639953
    }
  },
  "decision": {
    "verdict": "borderline",
    "rules": {
      "GO": "d > 0.5 AND p < 0.001",
      "borderline": "d in (0.2, 0.5) AND p < 0.05",
      "NO-GO": "p > 0.05 OR d <= 0.2"
    },
    "d_observed": 0.3713876277523332,
    "p_observed": 6.32703136601705e-30,
    "alpha_go": 0.001,
    "alpha_borderline": 0.05
  },
  "oracle_version": "multi_region_v2_p2_01",
  "config": {
    "records_path": "data/processed/gencode_human_transcripts.records.jsonl",
    "n_wild_types": 1000,
    "max_steps": 8,
    "max_utr_len": 500,
    "max_cds_len": 3000,
    "max_3utr_len": 1000,
    "seed": 1729,
    "skip_cnn": false,
    "n_workers": 16,
    "torch_threads_per_worker": 4,
    "parallel": true,
    "oracle_version": "multi_region_v2_p2_01",
    "n_arms": 8
  }
}