{
  "aux_loss_mean": 0.0,
  "batch_size": 4,
  "checkpoint": "ckpts/stage_a_full_a100_max_gencode_100k_seed5/stage_a_best.pt",
  "checkpoint_best_loss": 4029.298713684082,
  "checkpoint_step": 6792,
  "config_summary": {
    "amp": true,
    "batch_size": 1,
    "grad_accum": 32,
    "grad_clip": 1.0,
    "lr": 0.0001,
    "model_dim": 768,
    "num_layers": 12
  },
  "device": "cuda:6",
  "edit_loss_mean": 10982.7233515625,
  "elapsed_s": 452.543624763377,
  "loss_max": 27240.41796875,
  "loss_mean": 10982.7233515625,
  "loss_median": 9920.7890625,
  "loss_min": 3012.674072265625,
  "loss_p95": 18679.790624999998,
  "loss_p99": 22994.233593750007,
  "loss_std": 4978.7993096734235,
  "n_eval": 500,
  "samples_per_s": 1.1048658574329417
}
